#Comment,AUC,MCC,Accuracy,Precision,Recall,f1_score,TN,FP,FN,TP,count
Total,0.8129380265870387,0.573007232215751,0.8714899540062939,0.7925567055714601,0.5212920046349943,0.6289209261686327,25202,942,3305,3599,33048
GILGFVFTL,0.8655165145109409,0.6557866540367185,0.8893805309734514,0.8219358232509205,0.631568310428456,0.7142857142857142,16975,677,1823,3125,22600
GLCTLVAML,0.7301503457428233,0.45705962155635654,0.8504807692307692,0.735981308411215,0.38228155339805825,0.5031948881789137,3223,113,509,315,4160
NLVPMVATV,0.6420358578741218,0.2324778506984065,0.8252788104089219,0.5581395348837209,0.1643835616438356,0.25396825396825395,2568,76,488,96,3228
CLGGLLTMV,NA,0.0,0.9642857142857143,0.0,0.0,0.0,27,1,0,0,28
FLYALALLL,0.8080180105750165,0.4505263386682296,0.8008130081300813,0.8275862068965517,0.35294117647058826,0.4948453608247423,346,10,88,48,492
ILKEPVHGV,NA,0.0,1.0,0.0,0.0,0.0,16,10,88,48,16
IMDQVPFSV,0.5455013736263735,0.023986047332455893,0.864406779661017,0.16666666666666666,0.03571428571428571,0.058823529411764705,203,5,27,1,236
KLQCVDLHV,0.484375,-0.16666666666666666,0.7,0.0,0.0,0.0,14,2,4,0,20
KTWGQYWQV,0.6661501377410469,0.07273929674533079,0.7272727272727273,0.35714285714285715,0.11363636363636363,0.17241379310344826,123,9,39,5,176
KVAELVHFL,0.5625,0.0,0.5,0.0,0.0,0.0,4,0,4,0,8
KVLEYVIKV,0.49363425925925924,-0.05923488777590923,0.7395833333333334,0.0,0.0,0.0,71,1,24,0,96
LLFGYPVYV,0.555734171848502,-0.034626431894929005,0.7781456953642384,0.125,0.02586206896551724,0.04285714285714286,467,21,113,3,604
MLDLQPETT,0.5711143695014662,0.13623674757633422,0.7380952380952381,0.5,0.11363636363636363,0.18518518518518517,119,5,39,5,168
RMFPNAPYL,0.3757122507122507,-0.07855125898384663,0.7864583333333334,0.0,0.0,0.0,151,5,36,0,192
RTLNAWVKV,0.5212180397727273,-0.0034227312244283314,0.8783783783783784,0.1,0.015625,0.02702702702702703,519,9,63,1,592
SLFNTVATL,0.3603723404255319,-0.03564048992466992,0.9068627450980392,0.0,0.0,0.0,185,3,16,0,204
SLLMWITQV,0.41911764705882354,-0.11834526708278771,0.7272727272727273,0.0,0.0,0.0,64,4,20,0,88
YLLEMLWRL,0.34765625,-0.02597037603991664,0.9071428571428571,0.0,0.0,0.0,127,1,12,0,140
