#Comment,AUC,MCC,Accuracy,Precision,Recall,f1_score,TN,FP,FN,TP,count
Total,0.8401867451558069,0.6356283850519203,0.8885257806826434,0.8318219291014015,0.5845886442641947,0.6866281047975501,25328,816,2868,4036,33048
GILGFVFTL,0.8795255554664042,0.724319005106064,0.9099557522123893,0.8558514537014414,0.707962813257882,0.7749142793938725,17062,590,1445,3503,22600
GLCTLVAML,0.7562083828083165,0.4921556966232526,0.8586538461538461,0.7669683257918553,0.41140776699029125,0.5355450236966824,3233,103,485,339,4160
NLVPMVATV,0.6778655601724245,0.3017325445446856,0.8358116480793061,0.6377551020408163,0.21404109589041095,0.3205128205128205,2573,71,459,125,3228
CLGGLLTMV,NA,0.0,1.0,0.0,0.0,0.0,28,71,459,125,28
FLYALALLL,0.789408460013219,0.5384016620435778,0.8272357723577236,0.9047619047619048,0.41911764705882354,0.5728643216080402,350,6,79,57,492
ILKEPVHGV,NA,0.0,1.0,0.0,0.0,0.0,16,6,79,57,16
IMDQVPFSV,0.4409340659340659,-0.033919888603392186,0.8728813559322034,0.0,0.0,0.0,206,2,28,0,236
KLQCVDLHV,0.6875,0.4588314677411235,0.85,1.0,0.25,0.4,16,0,3,1,20
KTWGQYWQV,0.7138429752066117,0.20823168251814142,0.7613636363636364,0.5833333333333334,0.1590909090909091,0.25,127,5,37,7,176
KVAELVHFL,0.75,0.0,0.5,0.0,0.0,0.0,4,0,4,0,8
KVLEYVIKV,0.5179398148148149,-0.12038585308576921,0.7083333333333334,0.0,0.0,0.0,68,4,24,0,96
LLFGYPVYV,0.6323134539287733,0.02094396523877459,0.7980132450331126,0.25,0.02586206896551724,0.046875,479,9,113,3,604
MLDLQPETT,0.5458211143695015,-0.0930301170323837,0.7142857142857143,0.0,0.0,0.0,120,4,44,0,168
RMFPNAPYL,0.5156695156695157,-0.04928640580901442,0.8020833333333334,0.0,0.0,0.0,154,2,36,0,192
RTLNAWVKV,0.5518465909090908,-0.007621258030357102,0.8766891891891891,0.09090909090909091,0.015625,0.02666666666666667,518,10,63,1,592
SLFNTVATL,0.3394281914893617,-0.029028218258013792,0.9117647058823529,0.0,0.0,0.0,186,2,16,0,204
SLLMWITQV,0.43161764705882355,-0.10188534162169867,0.7386363636363636,0.0,0.0,0.0,65,3,20,0,88
YLLEMLWRL,0.30533854166666663,-0.05892556509887896,0.8785714285714286,0.0,0.0,0.0,123,5,12,0,140
