#Comment,AUC,MCC,Accuracy,Precision,Recall,f1_score,TN,FP,FN,TP,count
Total,0.810375247226875,0.5747790898089553,0.8727003146937787,0.8187189789647837,0.5017381228273464,0.6221823080377189,25377,767,3440,3464,33048
GILGFVFTL,0.8609038647297862,0.6533441943665071,0.8888053097345133,0.8245801119701412,0.6251010509296685,0.7111162202552017,16994,658,1855,3093,22600
GLCTLVAML,0.7533111860026542,0.4857550872064455,0.8586538461538461,0.8664596273291926,0.33859223300970875,0.4869109947643979,3293,43,545,279,4160
NLVPMVATV,0.5969402161523636,0.1469963752298386,0.8215613382899628,0.5555555555555556,0.0684931506849315,0.1219512195121951,2612,32,544,40,3228
CLGGLLTMV,NA,0.0,1.0,0.0,0.0,0.0,28,32,544,40,28
FLYALALLL,0.8080180105750165,0.4517750948066277,0.8008130081300813,0.8518518518518519,0.3382352941176471,0.48421052631578954,348,8,90,46,492
ILKEPVHGV,NA,0.0,1.0,0.0,0.0,0.0,16,8,90,46,16
IMDQVPFSV,0.5060096153846154,0.0,0.8813559322033898,0.0,0.0,0.0,208,0,28,0,236
KLQCVDLHV,0.75,0.0,0.8,0.0,0.0,0.0,16,0,4,0,20
KTWGQYWQV,0.6033057851239669,0.17609018126512477,0.7613636363636364,0.75,0.06818181818181818,0.125,131,1,41,3,176
KVAELVHFL,0.6875,0.0,0.5,0.0,0.0,0.0,4,0,4,0,8
KVLEYVIKV,0.379050925925926,0.0,0.75,0.0,0.0,0.0,72,0,24,0,96
LLFGYPVYV,0.5790171000565292,0.03592566684558836,0.804635761589404,0.3333333333333333,0.017241379310344827,0.03278688524590164,484,4,114,2,604
MLDLQPETT,0.43016862170087977,-0.024659675561495,0.7202380952380952,0.2,0.022727272727272728,0.04081632653061225,120,4,43,1,168
RMFPNAPYL,0.34704415954415957,-0.07855125898384663,0.7864583333333334,0.0,0.0,0.0,151,5,36,0,192
RTLNAWVKV,0.5685369318181818,-0.038084136466532234,0.8800675675675675,0.0,0.0,0.0,521,7,64,0,592
SLFNTVATL,0.37732712765957444,-0.0204754307868001,0.9166666666666666,0.0,0.0,0.0,187,1,16,0,204
SLLMWITQV,0.43970588235294117,-0.11834526708278771,0.7272727272727273,0.0,0.0,0.0,64,4,20,0,88
YLLEMLWRL,0.3815104166666667,0.0,0.9142857142857143,0.0,0.0,0.0,128,0,12,0,140
