#Comment,AUC,MCC,Accuracy,Precision,Recall,f1_score,TN,FP,FN,TP,count
Total,0.7086324268451334,0.2866709925966092,0.8098220769789397,0.63392470791865,0.21219582850521437,0.31795984807379274,25298,846,5439,1465,33048
GILGFVFTL,0.7371294822143952,0.3167093877298306,0.8059734513274336,0.643111337061515,0.25565885206143896,0.36587129428778015,16950,702,3683,1265,22600
GLCTLVAML,0.7046267112523573,0.29556129599797454,0.8233173076923077,0.7236180904522613,0.17475728155339806,0.28152492668621704,3281,55,680,144,4160
NLVPMVATV,0.5841314270615299,0.05492432913379008,0.8141263940520446,0.34615384615384615,0.030821917808219176,0.05660377358490566,2610,34,566,18,3228
CLGGLLTMV,NA,0.0,0.9642857142857143,0.0,0.0,0.0,27,1,0,0,28
FLYALALLL,0.71875,0.2258005725483607,0.7439024390243902,0.6470588235294118,0.16176470588235295,0.25882352941176473,344,12,114,22,492
ILKEPVHGV,NA,0.0,1.0,0.0,0.0,0.0,16,12,114,22,16
IMDQVPFSV,0.41483516483516486,0.0,0.8813559322033898,0.0,0.0,0.0,208,0,28,0,236
KLQCVDLHV,0.421875,0.0,0.8,0.0,0.0,0.0,16,0,4,0,20
KTWGQYWQV,0.47641184573002754,0.03615507630310936,0.7386363636363636,0.3333333333333333,0.045454545454545456,0.08,128,4,42,2,176
KVAELVHFL,0.5,0.0,0.5,0.0,0.0,0.0,4,0,4,0,8
KVLEYVIKV,0.4965277777777778,-0.08703882797784893,0.6875,0.125,0.041666666666666664,0.0625,65,7,23,1,96
LLFGYPVYV,0.5424498304126626,0.032530933031751495,0.793046357615894,0.2631578947368421,0.04310344827586207,0.07407407407407408,474,14,111,5,604
MLDLQPETT,0.5093475073313782,-0.046095365197372694,0.7321428571428571,0.0,0.0,0.0,123,1,44,0,168
RMFPNAPYL,0.5528846153846153,0.15466925834869394,0.8177083333333334,0.6666666666666666,0.05555555555555555,0.10256410256410256,155,1,34,2,192
RTLNAWVKV,0.5260120738636364,-0.0034227312244283314,0.8783783783783784,0.1,0.015625,0.02702702702702703,519,9,63,1,592
SLFNTVATL,0.727061170212766,0.09024935904764442,0.9117647058823529,0.25,0.0625,0.1,185,3,15,1,204
SLLMWITQV,0.6132352941176471,0.34641016151377546,0.8068181818181818,1.0,0.15,0.2608695652173913,68,0,17,3,88
YLLEMLWRL,0.34375000000000006,0.1006451310395132,0.9,0.25,0.08333333333333333,0.125,125,3,11,1,140
