#Comment,AUC,MCC,Accuracy,Precision,Recall,f1_score,TN,FP,FN,TP,count
Total,0.8544572965657004,0.6515782947263121,0.8925502299685306,0.8264849074975658,0.6147161066048668,0.7050419470055652,25253,891,2660,4244,33048
GILGFVFTL,0.8962382240059822,0.7370998860544706,0.9130530973451327,0.8398268398268398,0.7449474535165723,0.789546963692835,16949,703,1262,3686,22600
GLCTLVAML,0.7677797082722172,0.5474240227313023,0.8723557692307692,0.8414918414918415,0.4381067961165049,0.5762170790103752,3268,68,463,361,4160
NLVPMVATV,0.6947187869148032,0.2761666673607564,0.8317843866171004,0.6096256684491979,0.1952054794520548,0.29571984435797666,2571,73,470,114,3228
CLGGLLTMV,NA,0.0,1.0,0.0,0.0,0.0,28,73,470,114,28
FLYALALLL,0.8408790482485129,0.6144086022807103,0.8536585365853658,0.9,0.5294117647058824,0.6666666666666667,348,8,64,72,492
ILKEPVHGV,NA,0.0,1.0,0.0,0.0,0.0,16,8,64,72,16
IMDQVPFSV,0.4052197802197802,-0.04817628988581213,0.864406779661017,0.0,0.0,0.0,204,4,28,0,236
KLQCVDLHV,0.359375,0.0,0.8,0.0,0.0,0.0,16,0,4,0,20
KTWGQYWQV,0.5695592286501379,0.18898223650461363,0.7613636363636364,0.625,0.11363636363636363,0.1923076923076923,129,3,39,5,176
KVAELVHFL,0.75,0.0,0.5,0.0,0.0,0.0,4,0,4,0,8
KVLEYVIKV,0.4508101851851852,-0.05923488777590923,0.7395833333333334,0.0,0.0,0.0,71,1,24,0,96
LLFGYPVYV,0.5384927925381572,-0.03497088944011636,0.793046357615894,0.09090909090909091,0.008620689655172414,0.015748031496062992,478,10,115,1,604
MLDLQPETT,0.49486803519061584,-0.08032193289024989,0.7202380952380952,0.0,0.0,0.0,121,3,44,0,168
RMFPNAPYL,0.5605413105413105,-0.09344414765949086,0.7760416666666666,0.0,0.0,0.0,149,7,36,0,192
RTLNAWVKV,0.5502781723484849,0.14293183908239668,0.8885135135135135,0.4166666666666667,0.078125,0.13157894736842105,521,7,59,5,592
SLFNTVATL,0.5152925531914894,-0.0204754307868001,0.9166666666666666,0.0,0.0,0.0,187,1,16,0,204
SLLMWITQV,0.46176470588235297,-0.08270396169735617,0.75,0.0,0.0,0.0,66,2,20,0,88
YLLEMLWRL,0.34700520833333337,-0.02597037603991664,0.9071428571428571,0.0,0.0,0.0,127,1,12,0,140
