#Comment,AUC,MCC,Accuracy,Precision,Recall,f1_score,TN,FP,FN,TP,count
Total,0.8545555634866915,0.6445144451913642,0.8903715807310578,0.8171273922288808,0.6122537659327926,0.7000082802020369,25198,946,2677,4227,33048
GILGFVFTL,0.8973151732012477,0.7314283093025722,0.9110176991150443,0.8314150304671631,0.7445432497978981,0.7855848171446849,16905,747,1264,3684,22600
GLCTLVAML,0.7794146963982211,0.5369692785849739,0.869951923076923,0.8409638554216867,0.42354368932038833,0.5633575464083939,3270,66,475,349,4160
NLVPMVATV,0.6942515232213542,0.2564133142494766,0.8280669144981413,0.5767195767195767,0.18664383561643835,0.2820181112548512,2564,80,475,109,3228
CLGGLLTMV,NA,0.0,1.0,0.0,0.0,0.0,28,80,475,109,28
FLYALALLL,0.8605832782551223,0.6044618574458108,0.8495934959349594,0.918918918918919,0.5,0.6476190476190476,350,6,68,68,492
ILKEPVHGV,NA,0.0,1.0,0.0,0.0,0.0,16,6,68,68,16
IMDQVPFSV,0.44814560439560436,-0.033919888603392186,0.8728813559322034,0.0,0.0,0.0,206,2,28,0,236
KLQCVDLHV,0.328125,-0.11470786693528087,0.75,0.0,0.0,0.0,15,1,4,0,20
KTWGQYWQV,0.5850550964187328,0.22338352580438514,0.7670454545454546,0.6666666666666666,0.13636363636363635,0.22641509433962262,129,3,38,6,176
KVAELVHFL,0.5625,0.0,0.5,0.0,0.0,0.0,4,0,4,0,8
KVLEYVIKV,0.38946759259259256,-0.0842151921066519,0.7291666666666666,0.0,0.0,0.0,70,2,24,0,96
LLFGYPVYV,0.5605214810627474,0.003219513969909043,0.793046357615894,0.2,0.02586206896551724,0.04580152671755725,476,12,113,3,604
MLDLQPETT,0.42650293255131966,-0.08032193289024989,0.7202380952380952,0.0,0.0,0.0,121,3,44,0,168
RMFPNAPYL,0.5667735042735043,-0.02224860658559306,0.7864583333333334,0.14285714285714285,0.027777777777777776,0.046511627906976744,150,6,35,1,192
RTLNAWVKV,0.6047585227272727,0.11555490012909031,0.8783783783783784,0.3,0.09375,0.14285714285714285,514,14,58,6,592
SLFNTVATL,0.5019946808510638,-0.029028218258013792,0.9117647058823529,0.0,0.0,0.0,186,2,16,0,204
SLLMWITQV,0.5051470588235294,0.0992447540368274,0.7727272727272727,0.5,0.05,0.09090909090909091,67,1,19,1,88
YLLEMLWRL,0.47721354166666663,-0.02597037603991664,0.9071428571428571,0.0,0.0,0.0,127,1,12,0,140
