#Comment,AUC,MCC,Confusion,Accuracy,Precision,Recall,f1_score
Total,0.8490813724344781,0.5893471628944282,NA,0.8768155410312273,0.8447310781211974,0.5027520278099652,0.6303459547807138
GILGFVFTL,0.8923300398011973,0.6714225414856865,NA,0.8948230088495576,0.8620107012109265,0.6186337914308812,0.7203200376514883
GLCTLVAML,0.762079171614165,0.438352440858253,NA,0.848798076923077,0.8327645051194539,0.2961165048543689,0.4368845120859444
NLVPMVATV,0.678754429776387,0.2686224108270605,NA,0.8324039653035935,0.6352201257861635,0.17294520547945205,0.2718707940780619
CLGGLLTMV,NA,0.0,NA,0.9642857142857143,0.0,0.0,0.0
FLYALALLL,0.8356535029742234,0.5225983420738404,NA,0.8211382113821138,0.9285714285714286,0.38235294117647056,0.5416666666666667
ILKEPVHGV,NA,0.0,NA,0.9375,0.0,0.0,0.0
IMDQVPFSV,0.48901098901098905,-0.04163226267544265,NA,0.8686440677966102,0.0,0.0,0.0
KLQCVDLHV,0.328125,0.0,NA,0.8,0.0,0.0,0.0
KTWGQYWQV,0.6222451790633609,0.28536185646245155,NA,0.7784090909090909,0.8571428571428571,0.13636363636363635,0.2352941176470588
KVAELVHFL,0.8125,0.0,NA,0.5,0.0,0.0,0.0
KVLEYVIKV,0.4525462962962963,-0.0842151921066519,NA,0.7291666666666666,0.0,0.0,0.0
LLFGYPVYV,0.5318152911249293,-0.05079677596967601,NA,0.7864238410596026,0.06666666666666667,0.008620689655172414,0.015267175572519083
MLDLQPETT,0.43969941348973607,-0.08032193289024989,NA,0.7202380952380952,0.0,0.0,0.0
RMFPNAPYL,0.5706908831908832,0.02335709179335259,NA,0.8020833333333334,0.25,0.027777777777777776,0.049999999999999996
RTLNAWVKV,0.5960286458333334,0.12481730683795618,NA,0.8851351351351351,0.35714285714285715,0.078125,0.12820512820512822
SLFNTVATL,0.534906914893617,0.0,NA,0.9215686274509803,0.0,0.0,0.0
SLLMWITQV,0.3830882352941176,0.0,NA,0.7727272727272727,0.0,0.0,0.0
YLLEMLWRL,0.3489583333333333,0.0,NA,0.9142857142857143,0.0,0.0,0.0
