#Comment,AUC,MCC,Accuracy,Precision,Recall,f1_score,TN,FP,FN,TP,count
Total,0.854243230690597,0.6463415766940603,0.8907952069716776,0.8157945179221775,0.6164542294322132,0.7022522894150647,25183,961,2648,4256,33048
GILGFVFTL,0.8970517034535099,0.7349262837727396,0.9119911504424779,0.8309103108924178,0.7508084074373484,0.7888310861025587,16896,756,1233,3715,22600
GLCTLVAML,0.7655511513119602,0.5372565802730099,0.869951923076923,0.83451536643026,0.42839805825242716,0.566158781074579,3266,70,471,353,4160
NLVPMVATV,0.7003690185066214,0.25984099310119396,0.8286864931846345,0.582010582010582,0.18835616438356165,0.2846054333764554,2565,79,474,110,3228
CLGGLLTMV,NA,0.0,1.0,0.0,0.0,0.0,28,79,474,110,28
FLYALALLL,0.8539738929279577,0.5976430953507442,0.8475609756097561,0.9066666666666666,0.5,0.6445497630331752,349,7,68,68,492
ILKEPVHGV,NA,0.0,0.9375,0.0,0.0,0.0,15,1,0,0,16
IMDQVPFSV,0.4532967032967033,-0.023933896964248295,0.8771186440677966,0.0,0.0,0.0,207,1,28,0,236
KLQCVDLHV,0.453125,-0.16666666666666666,0.7,0.0,0.0,0.0,14,2,4,0,20
KTWGQYWQV,0.6174242424242425,0.20823168251814142,0.7613636363636364,0.5833333333333334,0.1590909090909091,0.25,127,5,37,7,176
KVAELVHFL,0.0,0.0,0.5,0.0,0.0,0.0,4,0,4,0,8
KVLEYVIKV,0.5,-0.12038585308576921,0.7083333333333334,0.0,0.0,0.0,68,4,24,0,96
LLFGYPVYV,0.5306847088750707,-0.0804248782088339,0.7814569536423841,0.0,0.0,0.0,472,16,116,0,604
MLDLQPETT,0.4671920821114369,0.0,0.7380952380952381,0.0,0.0,0.0,124,0,44,0,168
RMFPNAPYL,0.548611111111111,0.005236750598923109,0.796875,0.2,0.027777777777777776,0.048780487804878044,152,4,35,1,192
RTLNAWVKV,0.5548354640151515,0.027125750482790614,0.8783783783783784,0.16666666666666666,0.03125,0.05263157894736842,518,10,62,2,592
SLFNTVATL,0.539561170212766,-0.04125684985035174,0.9019607843137255,0.0,0.0,0.0,184,4,16,0,204
SLLMWITQV,0.45882352941176474,-0.05814346575387069,0.7613636363636364,0.0,0.0,0.0,67,1,20,0,88
YLLEMLWRL,0.31640625,-0.02597037603991664,0.9071428571428571,0.0,0.0,0.0,127,1,12,0,140
