pdb_id,pep_identity,mhc_identity,tcrA_identity,tcrB_identity,total_identity
4eup,33.3333333333,100.0,84.4036697248,35.7142857143,64.4641036843
2f53,33.3333333333,100.0,42.4778761062,31.25,56.7324237955
3gsn,33.3333333333,100.0,38.1818181818,30.9734513274,55.970322696
3o4l,33.3333333333,100.0,40.0,28.0701754386,55.7894736842
5eu6,22.2222222222,100.0,42.4778761062,43.3628318584,55.0475254015
2vlk,22.2222222222,100.0,34.5454545455,43.6363636364,53.771043771
4mnq,22.2222222222,100.0,32.4324324324,33.3333333333,51.7017017017
