pdb_id,pep_identity,mhc_identity,tcrA_identity,tcrB_identity,total_identity
3tfk,100.0,97.2067039106,100.0,99.0825688073,98.9159961048
2oi9,66.6666666667,97.7653631285,84.9557522124,70.6422018349,80.7436689396
