pdb_id,pep_identity,mhc_identity,total_identity
3tfk,100.0,97.2067039106,98.6033519553
2oi9,66.6666666667,97.7653631285,82.2160148976
