#Comment,AUC,MCC,Accuracy,Precision,Recall,f1_score,TN,FP,FN,TP,count
RTLNAWVKV,0.5823567708333334,0.042612759530821866,0.875,0.1875,0.046875,0.075,515,13,61,3,592
GILGFVFTL,0.2163164082986971,-0.1109363202118739,0.7226106194690265,0.043538355217691775,0.012732417138237672,0.019702892885066457,16268,1384,4885,63,22600
GLCTLVAML,0.49769904949826543,0.008841848656277932,0.7963942307692308,0.23255813953488372,0.012135922330097087,0.02306805074971165,3303,33,814,10,4160
NLVPMVATV,0.5403595372308457,0.02534052087351722,0.8057620817843866,0.24096385542168675,0.03424657534246575,0.05997001499250374,2581,63,564,20,3228
FLYALALLL,0.4145736946463979,-0.05595830355691758,0.7154471544715447,0.0,0.0,0.0,352,4,136,0,492
IMDQVPFSV,0.479739010989011,-0.05925964635077338,0.8559322033898306,0.0,0.0,0.0,202,6,28,0,236
KLQCVDLHV,0.390625,-0.11470786693528087,0.75,0.0,0.0,0.0,15,1,4,0,20
KTWGQYWQV,0.5759297520661157,0.08804509063256238,0.75,0.5,0.045454545454545456,0.08333333333333334,130,2,42,2,176
KVAELVHFL,0.4375,0.0,0.5,0.0,0.0,0.0,4,0,4,0,8
KVLEYVIKV,0.32928240740740744,-0.05923488777590923,0.7395833333333334,0.0,0.0,0.0,71,1,24,0,96
LLFGYPVYV,0.553596664782363,-0.08297065024230536,0.7798013245033113,0.0,0.0,0.0,471,17,116,0,604
MLDLQPETT,0.4336510263929619,0.059440679345224505,0.7380952380952381,0.5,0.022727272727272728,0.04347826086956522,123,1,43,1,168
RMFPNAPYL,0.537571225071225,0.005236750598923109,0.796875,0.2,0.027777777777777776,0.048780487804878044,152,4,35,1,192
SLFNTVATL,0.5890957446808511,0.0,0.9215686274509803,0.0,0.0,0.0,188,0,16,0,204
SLLMWITQV,0.5007352941176471,-0.08270396169735617,0.75,0.0,0.0,0.0,66,2,20,0,88
YLLEMLWRL,0.37174479166666663,-0.02597037603991664,0.9071428571428571,0.0,0.0,0.0,127,1,12,0,140
