#Comment,AUC,MCC,Accuracy,Precision,Recall,f1_score,TN,FP,FN,TP,count
Total,0.842204995467655,0.6297102717422695,0.8865892035826677,0.8185304804198628,0.5873406720741599,0.6839264631472424,25245,899,2849,4055,33048
GILGFVFTL,0.8815526993993823,0.7181170148486182,0.9075221238938053,0.8381448177946048,0.7158447857720291,0.7721822541966427,16968,684,1406,3542,22600
GLCTLVAML,0.7661659507345581,0.5227069735421388,0.8661057692307692,0.8,0.4320388349514563,0.5610717100078801,3247,89,468,356,4160
NLVPMVATV,0.6666696889312582,0.21546072239915,0.8215613382899628,0.5222222222222223,0.16095890410958905,0.24607329842931938,2558,86,490,94,3228
CLGGLLTMV,NA,0.0,1.0,0.0,0.0,0.0,28,86,490,94,28
FLYALALLL,0.8152883344348976,0.49834918330668093,0.8150406504065041,0.8688524590163934,0.3897058823529412,0.5380710659898477,348,8,83,53,492
ILKEPVHGV,NA,0.0,1.0,0.0,0.0,0.0,16,8,83,53,16
IMDQVPFSV,0.4297733516483517,-0.04817628988581213,0.864406779661017,0.0,0.0,0.0,204,4,28,0,236
KLQCVDLHV,0.75,0.25,0.8,0.5,0.25,0.3333333333333333,15,1,3,1,20
KTWGQYWQV,0.6664944903581267,0.12671432021161758,0.7556818181818182,0.6666666666666666,0.045454545454545456,0.08510638297872342,131,1,42,2,176
KVAELVHFL,0.75,0.0,0.5,0.0,0.0,0.0,4,0,4,0,8
KVLEYVIKV,0.46122685185185186,-0.10369516947304253,0.71875,0.0,0.0,0.0,69,3,24,0,96
LLFGYPVYV,0.5596558790276993,0.0026176351226836663,0.7980132450331126,0.2,0.017241379310344827,0.031746031746031744,480,8,114,2,604
MLDLQPETT,0.5091642228739003,0.21454208327352975,0.7559523809523809,0.7142857142857143,0.11363636363636363,0.19607843137254902,122,2,39,5,168
RMFPNAPYL,0.5016025641025641,-0.03475939970571603,0.8072916666666666,0.0,0.0,0.0,155,1,36,0,192
RTLNAWVKV,0.5507220643939394,-0.028715366150263204,0.8851351351351351,0.0,0.0,0.0,524,4,64,0,592
SLFNTVATL,0.3843085106382979,-0.0204754307868001,0.9166666666666666,0.0,0.0,0.0,187,1,16,0,204
SLLMWITQV,0.48382352941176465,-0.11834526708278771,0.7272727272727273,0.0,0.0,0.0,64,4,20,0,88
YLLEMLWRL,0.37695312499999994,-0.045309156999763275,0.8928571428571429,0.0,0.0,0.0,125,3,12,0,140
