pdb_id,pep_identity,mhc_identity,total_identity
1hhi,100.0,100.0,100.0
5hhq,88.8888888889,100.0,94.4444444444
5hhp,88.8888888889,100.0,94.4444444444
5hhn,88.8888888889,100.0,94.4444444444
4nt6,100.0,82.1229050279,91.061452514
