#Comment,AUC,MCC,Accuracy,Precision,Recall,f1_score,TN,FP,FN,TP,count
Total,0.7320553948423281,0.3789609798249965,0.8218651658194142,0.630753407045513,0.3553012746234067,0.454553877513203,24708,1436,4451,2453,33048
GILGFVFTL,0.7673245670678661,0.41095346897824747,0.82,0.6376720901126408,0.4118835893290218,0.5004911591355599,16494,1158,2910,2038,22600
GLCTLVAML,0.7427157182021372,0.4683394755025944,0.8514423076923077,0.7136929460580913,0.4174757281553398,0.5267993874425727,3198,138,480,344,4160
NLVPMVATV,0.5508154933372018,0.05553115407411786,0.8060718711276332,0.2980769230769231,0.053082191780821915,0.09011627906976744,2571,73,553,31,3228
CLGGLLTMV,NA,0.0,0.8928571428571429,0.0,0.0,0.0,25,3,0,0,28
FLYALALLL,0.7276313615333774,0.2698251661431463,0.7520325203252033,0.6521739130434783,0.22058823529411764,0.32967032967032966,340,16,106,30,492
ILKEPVHGV,NA,0.0,0.9375,0.0,0.0,0.0,15,1,0,0,16
IMDQVPFSV,0.4378434065934066,-0.04163226267544265,0.8686440677966102,0.0,0.0,0.0,205,3,28,0,236
KLQCVDLHV,0.3125,-0.11470786693528087,0.75,0.0,0.0,0.0,15,1,4,0,20
KTWGQYWQV,0.5504476584022039,0.04467670516087703,0.7329545454545454,0.3333333333333333,0.06818181818181818,0.11320754716981131,126,6,41,3,176
KVAELVHFL,0.6875,0.0,0.5,0.0,0.0,0.0,4,0,4,0,8
KVLEYVIKV,0.5046296296296297,0.0,0.7291666666666666,0.25,0.041666666666666664,0.07142857142857142,69,3,23,1,96
LLFGYPVYV,0.5544446014697568,0.07250157964339596,0.8029801324503312,0.38461538461538464,0.04310344827586207,0.07751937984496125,480,8,111,5,604
MLDLQPETT,0.44061583577712615,-0.004228641683290168,0.7261904761904762,0.25,0.022727272727272728,0.04166666666666667,121,3,43,1,168
RMFPNAPYL,0.3538105413105413,-0.06052275326688024,0.796875,0.0,0.0,0.0,153,3,36,0,192
RTLNAWVKV,0.5609611742424243,-0.04563641632571108,0.875,0.0,0.0,0.0,518,10,64,0,592
SLFNTVATL,0.5651595744680851,-0.04624231104868899,0.8970588235294118,0.0,0.0,0.0,183,5,16,0,204
SLLMWITQV,0.5264705882352941,-0.05814346575387069,0.7613636363636364,0.0,0.0,0.0,67,1,20,0,88
YLLEMLWRL,0.28450520833333337,-0.05251050315105037,0.8857142857142857,0.0,0.0,0.0,124,4,12,0,140
