#Comment,AUC,MCC,Accuracy,Precision,Recall,f1_score,TN,FP,FN,TP,count
Total,0.8435555243505617,0.6254269633399602,0.8843500363108207,0.7911942554799698,0.606460023174971,0.6866185634634306,25039,1105,2717,4187,33048
GILGFVFTL,0.8854414027343699,0.7120333087992853,0.9044690265486726,0.8121781956570405,0.7332255456750202,0.7706850770047795,16813,839,1320,3628,22600
GLCTLVAML,0.7568435542827874,0.4877068169556916,0.85625,0.7325102880658436,0.4320388349514563,0.5435114503816794,3206,130,468,356,4160
NLVPMVATV,0.6850597372184113,0.28474619059241246,0.832094175960347,0.6029411764705882,0.2106164383561644,0.31218274111675126,2563,81,461,123,3228
CLGGLLTMV,NA,0.0,0.9642857142857143,0.0,0.0,0.0,27,1,0,0,28
FLYALALLL,0.8234261401189689,0.5406325393745139,0.8292682926829268,0.8170731707317073,0.49264705882352944,0.6146788990825689,341,15,69,67,492
ILKEPVHGV,NA,0.0,1.0,0.0,0.0,0.0,16,15,69,67,16
IMDQVPFSV,0.40453296703296704,0.0,0.8813559322033898,0.0,0.0,0.0,208,0,28,0,236
KLQCVDLHV,0.703125,0.0,0.8,0.0,0.0,0.0,16,0,4,0,20
KTWGQYWQV,0.6744146005509642,0.14170505031628394,0.75,0.5,0.11363636363636363,0.18518518518518517,127,5,39,5,176
KVAELVHFL,0.625,0.0,0.5,0.0,0.0,0.0,4,0,4,0,8
KVLEYVIKV,0.4427083333333333,-0.0842151921066519,0.7291666666666666,0.0,0.0,0.0,70,2,24,0,96
LLFGYPVYV,0.5525544092707745,-0.0035387209552498696,0.7963576158940397,0.18181818181818182,0.017241379310344827,0.031496062992125984,479,9,114,2,604
MLDLQPETT,0.5603005865102639,0.057517688213957335,0.7261904761904762,0.375,0.06818181818181818,0.11538461538461538,119,5,41,3,168
RMFPNAPYL,0.47471509971509973,0.048946934488304734,0.796875,0.2857142857142857,0.05555555555555555,0.09302325581395349,151,5,34,2,192
RTLNAWVKV,0.5922703598484849,0.012241329578528219,0.8834459459459459,0.14285714285714285,0.015625,0.028169014084507043,522,6,63,1,592
SLFNTVATL,0.40890957446808507,-0.0204754307868001,0.9166666666666666,0.0,0.0,0.0,187,1,16,0,204
SLLMWITQV,0.4294117647058824,-0.08270396169735617,0.75,0.0,0.0,0.0,66,2,20,0,88
YLLEMLWRL,0.2805989583333333,-0.05251050315105037,0.8857142857142857,0.0,0.0,0.0,124,4,12,0,140
