#Comment,AUC,MCC,Accuracy,Precision,Recall,f1_score,TN,FP,FN,TP,count
Total,0.8239429577393623,0.5929217859409268,0.8759380295328008,0.7834613829357057,0.561268829663963,0.6540084388185654,25073,1071,3029,3875,33048
GILGFVFTL,0.8750134929209852,0.6789273871151736,0.8953982300884956,0.8138969873663752,0.6770412287793047,0.7391879964695499,16886,766,1598,3350,22600
GLCTLVAML,0.7360098571628134,0.4691359466709308,0.8516826923076923,0.7151767151767152,0.4174757281553398,0.5272030651340995,3199,137,480,344,4160
NLVPMVATV,0.6693774221291942,0.25824156087931416,0.8280669144981413,0.5751295336787565,0.19006849315068494,0.2857142857142857,2562,82,473,111,3228
CLGGLLTMV,NA,0.0,0.9642857142857143,0.0,0.0,0.0,27,1,0,0,28
FLYALALLL,0.7955634500991408,0.4707598516256391,0.806910569105691,0.7808219178082192,0.41911764705882354,0.5454545454545455,340,16,79,57,492
ILKEPVHGV,NA,0.0,1.0,0.0,0.0,0.0,16,16,79,57,16
IMDQVPFSV,0.4876373626373627,-0.05925964635077338,0.8559322033898306,0.0,0.0,0.0,202,6,28,0,236
KLQCVDLHV,0.734375,0.25,0.8,0.5,0.25,0.3333333333333333,15,1,3,1,20
KTWGQYWQV,0.649965564738292,0.13796425478562474,0.7443181818181818,0.46153846153846156,0.13636363636363635,0.21052631578947364,125,7,38,6,176
KVAELVHFL,0.8125,0.0,0.5,0.0,0.0,0.0,4,0,4,0,8
KVLEYVIKV,0.42997685185185186,-0.10369516947304253,0.71875,0.0,0.0,0.0,69,3,24,0,96
LLFGYPVYV,0.580677642736009,-0.027486534113775257,0.7814569536423841,0.13636363636363635,0.02586206896551724,0.043478260869565216,469,19,113,3,604
MLDLQPETT,0.5128299120234603,0.03865153604077454,0.7202380952380952,0.3333333333333333,0.06818181818181818,0.11320754716981131,118,6,41,3,168
RMFPNAPYL,0.4285968660968661,-0.10653312363426524,0.765625,0.0,0.0,0.0,147,9,36,0,192
RTLNAWVKV,0.5858191287878788,-0.04074849710853641,0.8783783783783784,0.0,0.0,0.0,520,8,64,0,592
SLFNTVATL,0.3351063829787234,-0.0204754307868001,0.9166666666666666,0.0,0.0,0.0,187,1,16,0,204
SLLMWITQV,0.43970588235294117,-0.11834526708278771,0.7272727272727273,0.0,0.0,0.0,64,4,20,0,88
YLLEMLWRL,0.28710937500000006,-0.05892556509887896,0.8785714285714286,0.0,0.0,0.0,123,5,12,0,140
