#Comment,AUC,MCC,Accuracy,Precision,Recall,f1_score,TN,FP,FN,TP,count
GILGFVFTL,0.35799012082329695,-0.05693846446617846,0.7543362831858407,0.09078590785907859,0.013540824575586096,0.023566654941962712,16981,671,4881,67,22600
GLCTLVAML,0.446648870224209,-0.02883043173692075,0.784375,0.12371134020618557,0.014563106796116505,0.02605863192182411,3251,85,812,12,4160
NLVPMVATV,0.48319113578430356,-0.0017217379715419464,0.8110285006195787,0.175,0.011986301369863013,0.022435897435897433,2611,33,577,7,3228
FLYALALLL,0.6443944150693985,0.04087115816744163,0.7215447154471545,0.42857142857142855,0.022058823529411766,0.04195804195804196,352,4,133,3,492
IMDQVPFSV,0.41775412087912084,-0.04163226267544265,0.8686440677966102,0.0,0.0,0.0,205,3,28,0,236
KLQCVDLHV,0.328125,0.0,0.8,0.0,0.0,0.0,16,0,4,0,20
KTWGQYWQV,0.5377066115702479,0.03615507630310936,0.7386363636363636,0.3333333333333333,0.045454545454545456,0.08,128,4,42,2,176
KVAELVHFL,0.4375,0.0,0.5,0.0,0.0,0.0,4,0,4,0,8
KVLEYVIKV,0.31712962962962965,-0.10369516947304253,0.71875,0.0,0.0,0.0,69,3,24,0,96
LLFGYPVYV,0.5807306387789711,0.02574661238349978,0.8029801324503312,0.2857142857142857,0.017241379310344827,0.032520325203252036,483,5,114,2,604
MLDLQPETT,0.468841642228739,-0.11463932323813245,0.7023809523809523,0.0,0.0,0.0,118,6,44,0,168
RMFPNAPYL,0.4273504273504273,-0.09344414765949086,0.7760416666666666,0.0,0.0,0.0,149,7,36,0,192
RTLNAWVKV,0.5902284564393939,0.012241329578528219,0.8834459459459459,0.14285714285714285,0.015625,0.028169014084507043,522,6,63,1,592
SLFNTVATL,0.339095744680851,-0.029028218258013792,0.9117647058823529,0.0,0.0,0.0,186,2,16,0,204
SLLMWITQV,0.5786764705882353,-0.10188534162169867,0.7386363636363636,0.0,0.0,0.0,65,3,20,0,88
YLLEMLWRL,0.380859375,-0.036860489038724284,0.9,0.0,0.0,0.0,126,2,12,0,140
