pdb_id,pep_identity,mhc_identity,total_identity
1t20,100.0,100.0,100.0
1t21,88.8888888889,100.0,94.4444444444
1s8d,77.7777777778,100.0,88.8888888889
1t1x,77.7777777778,100.0,88.8888888889
1t1y,77.7777777778,100.0,88.8888888889
1t1w,77.7777777778,100.0,88.8888888889
1t1z,66.6666666667,100.0,83.3333333333
